name,easting,northing,ward,site_code
Alexandra Recreation Ground,535688.6499999999,170901.02000000002,PENGE & CATOR,ALEXRG
Alexandra Rec,535688.6499999999,170901.02000000002,PENGE & CATOR,ALEXRG
Amherst Wood Open Space,546405.175,168216.775,CRAY VALLEY WEST,AMEHWD
Amherst Wood,546405.175,168216.775,CRAY VALLEY WEST,AMEHWD
Arundel Drive Open Space,546674.915,164471.74,CHELSFIELD & PRATTS BOTTOM,REPTGP
Repton Road Playground,546674.915,164471.74,CHELSFIELD & PRATTS BOTTOM,REPTGP
Repton Road Open Space,546674.915,164471.74,CHELSFIELD & PRATTS BOTTOM,REPTGP
Eton Garage Play Area,546674.915,164471.74,CHELSFIELD & PRATTS BOTTOM,REPTGP
Beaver Close Open Space,534330.127,170380.546,CRYSTAL PALACE ,BEAVCL
Beaver Close Enbankment,534330.127,170380.546,CRYSTAL PALACE ,BEAVCL
Lullington Road Open Space,534330.127,170380.546,CRYSTAL PALACE ,BEAVCL
Beckenham Green,537507.665,169720.075,COPERS COPE,BECKGN
Beckenham Library Open Space,536646.855,169574.84,CLOCK HOUSE,BECKLB
Beckenham Library,536646.855,169574.84,CLOCK HOUSE,BECKLB
Beckford Green,544899.374,166675.529,FARNBOROUGH & CROFTON,BECKGN
Crofton Lane Open Space,544899.374,166675.529,FARNBOROUGH & CROFTON,BECKGN
Betts Park,534696.695,169504.58500000002,CRYSTAL PALACE ,BETTPK
Biggin Hill Green,541792.007,159451.908,BIGGIN HILL,BHWMGN
Biggin Hill Recreation Ground,542051.765,159101.3324,BIGGIN HILL,BIGGRG
Biggin Hill Rec,542051.765,159101.3324,BIGGIN HILL,BIGGRG
Blake Recreation Ground,537876.4450000001,166544.66499999998,WEST WICKHAM,BLAKRG
Blake Rec,537876.4450000001,166544.66499999998,WEST WICKHAM,BLAKRG
Bodmin Close Open Space,547078.2733499999,166102.77785,ORPINGTON,BODCLOS
Bromley Palace Park ,540692.9099999999,169120.26,BROMLEY TOWN,CIVCEN
Civic Centre Grounds,540692.9099999999,169120.26,BROMLEY TOWN,CIVCEN
Broomhill Common,546076.575,166711.195,PETTS WOOD & KNOLL,BROORD
Broxbourne Gardens,545828.2050000001,166500.55,PETTS WOOD & KNOLL,BROXGD
Burham Close Playground,535384.81,170148.635,PENGE & CATOR,BURHCL
Buttermere Road Green,547607.421,168503.19,CRAY VALLEY EAST,BUTTRD
Cator Park,536399.755,170181.465,PENGE & CATOR,CATPKR
Charterhouse Playground,546563.446,164835.37565,ORPINGTON,CHHSGN
Charterhouse Green,546563.446,164835.37565,ORPINGTON,CHHSGN
Charterhouse Open Space,546563.446,164835.37565,ORPINGTON,CHHSGN
Chelsfield Children's Playground,548342.54,164204.735,CHELSFIELD & PRATTS BOTTOM,CHELPG
Chelsfield Green,546646.56,164118.425,CHELSFIELD & PRATTS BOTTOM,CHELGN
Chelsfield Recreation Ground,548333.415,164091.86,CHELSFIELD & PRATTS BOTTOM,CHELRG
Chelsfield Open Space,548333.415,164091.86,CHELSFIELD & PRATTS BOTTOM,CHELRG
Chelsfield Rec,548333.415,164091.86,CHELSFIELD & PRATTS BOTTOM,CHELRG
Chislehurst Commons,544067.842,170221.963,CHISLEHURST,Chislehurst Common
Chislehurst Recreation Ground,543467.8049999999,170855.39500000002,CHISLEHURST,CHISRG
Chislehurst Rec,543467.8049999999,170855.39500000002,CHISLEHURST,CHISRG
Church House Gardens,540036.29,169064.245,BROMLEY TOWN,CHHSGD
Bromley Park,540036.29,169064.245,BROMLEY TOWN,CHHSGD
Churchill Gardens,540036.29,169064.245,BROMLEY TOWN,CHHSGD
Library Gardens,540036.29,169064.245,BROMLEY TOWN,CHHSGD
Churchfields Recreation Ground,536051.01,169146.72999999998,CLOCK HOUSE,CHURRG
Churchfields Rec,536051.01,169146.72999999998,CLOCK HOUSE,CHURRG
College Green,540128.175,169606.06,BROMLEY TOWN,COLLGN
Slip Pocket Park,540128.175,169606.06,BROMLEY TOWN,COLLGN
Coney Hall Recreation Ground,539167.0449999999,164991.415,HAYES & CONEY HALL,CONREC
Coney Hall Rec,539167.0449999999,164991.415,HAYES & CONEY HALL,CONREC
Covet Wood,545775.965,167253.02260000003,CRAY VALLEY WEST,COVEWD
Crampton Road Embankment,535146.04,170786.99,PENGE & CATOR,BREDCE
Bredhurst Close Embankment,535146.04,170786.99,PENGE & CATOR,BREDCE
Crease Park,537104.935,168342.91,KELSEY & EDEN PARK,CREAPK
Croydon Road Recreation Ground,536919.73,169030.665,KELSEY & EDEN PARK,CRRDRG
Croydon Road Rec,536919.73,169030.665,KELSEY & EDEN PARK,CRRDRG
Beckenham Rec,536919.73,169030.665,KELSEY & EDEN PARK,CRRDRG
Crystal Palace Park,534287.235,170934.487,CRYSTAL PALACE ,Crystal Palace Park
Cudham Lane Recreation Ground,545246.53,162752.93,DARWIN,CUDHLN
Cudham Lane Rec,545246.53,162752.93,DARWIN,CUDHLN
Cudham Lane North Recreation Ground,545246.53,162752.93,DARWIN,CUDHLN
Cudham Recreation Ground,544637.625,159862.6,DARWIN,CUDREC
Cudham Rec,544637.625,159862.6,DARWIN,CUDREC
Cudham Lane South Recreation Ground,544637.625,159862.6,DARWIN,CUDREC
Darrick Common and Newstead Wood,544335.26,165019.90000000002,FARNBOROUGH & CROFTON,DARCOM
Darrick Wood,544335.26,165019.90000000002,FARNBOROUGH & CROFTON,DARCOM
Darrick Common and Woodland,544335.26,165019.90000000002,FARNBOROUGH & CROFTON,DARCOM
Darrick Common & Woodland,544335.26,165019.90000000002,FARNBOROUGH & CROFTON,DARCOM
Darrick Common & Newstead Wood,544335.26,165019.90000000002,FARNBOROUGH & CROFTON,DARCOM
Downe Recreation Ground,543440.535,161835.01,DARWIN,DOWREC
Downe Rec,543440.535,161835.01,DARWIN,DOWREC
Edgebury Open Space ,544324.52,171624.11,CHISLEHURST,EDGEOS
Belmont Lane Open Space,544324.52,171624.11,CHISLEHURST,EDGEOS
Belmont Open Space,544324.52,171624.11,CHISLEHURST,EDGEOS
Eldred Drive Playground,547717.2,165969.27000000002,ORPINGTON,ELDRPG
Elmers End Green,536185.625,168444.97999999998,KELSEY & EDEN PARK,ELENGR
Elmers End Recreation Ground,535927.615,167976.12,KELSEY & EDEN PARK,ELENRP
Elmers End Rec,535927.615,167976.12,KELSEY & EDEN PARK,ELENRP
Elmstead and Marvel Wood,542127.67,171198.735,CHISLEHURST,ELMSWD
Elmstead Woods,542127.67,171198.735,CHISLEHURST,ELMSWD
Elmstead & Marvel Wood,542127.67,171198.735,CHISLEHURST,ELMSWD
Farnborough Common,542840.6950000001,165210.05,BROMLEY COMMON & KESTON,FARNCO
Farnborough New Inn Recreation Ground,544176.8200000001,164238.315,FARNBOROUGH & CROFTON,FARNPG
Farnborough New Inn Rec,544176.8200000001,164238.315,FARNBOROUGH & CROFTON,FARNPG
Farnborough High Street Playground,544176.8200000001,164238.315,FARNBOROUGH & CROFTON,FARNPG
Farnborough New Inn Open Space,544176.8200000001,164238.315,FARNBOROUGH & CROFTON,FARNPG
Farnborough Recreation Ground,543661.7849999999,165173.54499999998,FARNBOROUGH & CROFTON,FARNRG
Farnborough Rec,543661.7849999999,165173.54499999998,FARNBOROUGH & CROFTON,FARNRG
Tugmutton Common,543661.7849999999,165173.54499999998,FARNBOROUGH & CROFTON,FARNRG
Fordcroft Open Space,546726.81,167550.963,CRAY VALLEY WEST,Fordcroft Open Space
Fox Hill Green,533887.081,170140.265,CRYSTAL PALACE ,FOXHIS
Fox Hill Traffic Island,533887.081,170140.265,CRYSTAL PALACE ,FOXHIS
Fox Hill Site,533887.081,170140.265,CRYSTAL PALACE ,FOXHIS
Fox Hill Playing Field,533722.457,170245.519,CRYSTAL PALACE ,FOXHEN / FOXHILLPF
Fox Hill Enclosure,533722.457,170245.519,CRYSTAL PALACE ,FOXHEN / FOXHILLPF
Foxbury Wood,546151.185,164171.83,CHELSFIELD & PRATTS BOTTOM,FOXBWD
Frankswood Amenity Green,543932.33,167522.53,PETTS WOOD & KNOLL,FRAVAG
Franks Wood Avenue Amenity Green,543932.33,167522.53,PETTS WOOD & KNOLL,FRAVAG
Glentrammon Recreation Ground,546075.53,163879.985,CHELSFIELD & PRATTS BOTTOM,GLENRC
Glentrammon Rec,546075.53,163879.985,CHELSFIELD & PRATTS BOTTOM,GLENRC
Goddington Park,547475.6399999999,165213.435,ORPINGTON,GODDPK
Grassmeade Recreation Ground,547358.323,166672.413,ORPINGTON,GRASRG
Grassmeade Rec,547358.323,166672.413,ORPINGTON,GRASRG
Green Street Green Common,545477.325,164166.99,CHELSFIELD & PRATTS BOTTOM,GRSGCM
Green St Green Common,545477.325,164166.99,CHELSFIELD & PRATTS BOTTOM,GRSGCM
Harvington Sports Ground,537579.4550000001,168025.59999999998,KELSEY & EDEN PARK,HARVSG
Harvington,537579.4550000001,168025.59999999998,KELSEY & EDEN PARK,HARVSG
Havelock Recreation Ground,541476.2250000001,168414.26,BROMLEY TOWN,HAVERG
Havelock Rec,541476.2250000001,168414.26,BROMLEY TOWN,HAVERG
Hayes Common,540744.8485999999,165192.32004999998,HAYES & CONEY HALL,HAYCOM
Hayes Old Rectory Gardens,540567.155,166172.45500000002,HAYES & CONEY HALL,HAREGD
Hayes Library Gardens,540567.155,166172.45500000002,HAYES & CONEY HALL,HAREGD
High Broom Woods,537557.22,166658.74,WEST WICKHAM,HIBRWD
Highbroom Wood,537557.22,166658.74,WEST WICKHAM,HIBRWD
High Elms Country Park,544295.7651,162959.5551,DARWIN,HIELWD
High Elms Wood,544295.7651,162959.5551,DARWIN,HIELWD
Hoblingwell Wood Recreation Ground,546183.27,169119.295,CRAY VALLEY WEST,HOBREC
Hoblingwell Wood Rec,546183.27,169119.295,CRAY VALLEY WEST,HOBREC
Hoblingwell Recreation Ground,546183.27,169119.295,CRAY VALLEY WEST,HOBREC
Hoblingwell Rec,546183.27,169119.295,CRAY VALLEY WEST,HOBREC
Hollydale Recreation Ground,542374.935,165380.505,BROMLEY COMMON & KESTON,HOLLRG
Hollydale Rec,542374.935,165380.505,BROMLEY COMMON & KESTON,HOLLRG
Hookwood Road Playground,547316.855,161972.3,CHELSFIELD & PRATTS BOTTOM,HOOKPG
Pratts Bottom Open Space,547316.855,161972.3,CHELSFIELD & PRATTS BOTTOM,HOOKPG
Pratts Bottom Playground,547316.855,161972.3,CHELSFIELD & PRATTS BOTTOM,HOOKPG
Husseywell Open Space,540278.495,166260.675,HAYES & CONEY HALL,HUSSRG
Husseywell Recreation Ground,540278.495,166260.675,HAYES & CONEY HALL,HUSSRG
Husseywell Rec,540278.495,166260.675,HAYES & CONEY HALL,HUSSRG
Jubilee Country Park,543616.175,167957.41499999998,BICKLEY,JUBCPK
Jugg Hill Park,541629.6704,159565.1435,BIGGIN HILL,JUGGHL
Jugg Hill,541629.6704,159565.1435,BIGGIN HILL,JUGGHL
Kelsey Park,537696.0449999999,168876.75,KELSEY & EDEN PARK,KELSPK
Keston Common,541714.26,164028.07,BROMLEY COMMON & KESTON,KESTCM
Kings Meadow,540608.94,170776.07,PLAISTOW & SUNDRIDGE,KINGME
Kings Meadow Recreation Ground,540608.94,170776.07,PLAISTOW & SUNDRIDGE,KINGME
Kings Meadow Rec,540608.94,170776.07,PLAISTOW & SUNDRIDGE,KINGME
Kings Road Recreation Ground,541405.22,159083.79,BIGGIN HILL,KIRDRG
Kings Road Rec,541405.22,159083.79,BIGGIN HILL,KIRDRG
Kingswood Glen,539249.315,168190.355,SHORTLANDS,KINGGL
Lavender Close Open Space,542148.603,167506.607,BROMLEY COMMON & KESTON,LAGROS
Lavender Grove Open Space,542148.603,167506.607,BROMLEY COMMON & KESTON,LAGROS
Leamington Avenue Playground,545244.575,164937.2,CHELSFIELD & PRATTS BOTTOM,LEAMPG
Leamington Avenue Open Space,545244.575,164937.2,CHELSFIELD & PRATTS BOTTOM,LEAMPG
Leamington Playground,545244.575,164937.2,CHELSFIELD & PRATTS BOTTOM,LEAMPG
Leaves Green Common,541508.8049999999,161776.02000000002,DARWIN,LEAGRN
Crystal Palace Station Open Space,534044.493,170525.084,CRYSTAL PALACE ,CRYSRD
Ledrington Road Open Space,534044.493,170525.084,CRYSTAL PALACE ,CRYSRD
Lilly's Wood,548167.575,164929.945,CHELSFIELD & PRATTS BOTTOM,LILLWD
Lovelace Avenue Open Space,543306.315,167277.62,PETTS WOOD & KNOLL,LOAVOS
Lovelace Ave Open Space,543306.315,167277.62,PETTS WOOD & KNOLL,LOAVOS
Lower Marvels Wood,541918.975,171843.01,MOTTINGHAM & CHISLEHURST NORTH ,MARVWD
Marvel Wood,541918.975,171843.01,MOTTINGHAM & CHISLEHURST NORTH ,MARVWD
Marvels Wood,541918.975,171843.01,MOTTINGHAM & CHISLEHURST NORTH ,MARVWD
Maberley Road Playing Fields ,535937.2250000001,168862.625,CLOCK HOUSE,MABEPF
Maberley Road Open Space,535937.2250000001,168862.625,CLOCK HOUSE,MABEPF
Martins Hill Open Space,539885.448,169255.328,BROMLEY TOWN,MAHIRG
Martins Hill Recreation Ground,539885.448,169255.328,BROMLEY TOWN,MAHIRG
Martins Hill Rec,539885.448,169255.328,BROMLEY TOWN,MAHIRG
Martins Hill Playground,539885.448,169255.328,BROMLEY TOWN,MAHIRG
McAndrews Recreation Ground,538487.25,165640.5,WEST WICKHAM,MCANRG
McAndrews Rec,538487.25,165640.5,WEST WICKHAM,MCANRG
McAndrews Playing Fields,538487.25,165640.5,WEST WICKHAM,MCANRG
Milk Street Farm & New Street Hill,540756.7749999999,170760.365,PLAISTOW & SUNDRIDGE,MILKST
Milk Street Woods,540756.7749999999,170760.365,PLAISTOW & SUNDRIDGE,MILKST
Links Estate,540756.7749999999,170760.365,PLAISTOW & SUNDRIDGE,MILKST
Milk Street Site,540756.7749999999,170760.365,PLAISTOW & SUNDRIDGE,MILKST
Milk Street Farm and New Street Hill,540756.7749999999,170760.365,PLAISTOW & SUNDRIDGE,MILKST
Mottingham Recreation Ground,542146.2949999999,172245.95,MOTTINGHAM & CHISLEHURST NORTH ,MOTTRG
Mottingham Rec,542146.2949999999,172245.95,MOTTINGHAM & CHISLEHURST NORTH ,MOTTRG
King George V Jubilee Recreation Ground,542146.2949999999,172245.95,MOTTINGHAM & CHISLEHURST NORTH ,MOTTRG
King George V Jubilee Rec,542146.2949999999,172245.95,MOTTINGHAM & CHISLEHURST NORTH ,MOTTRG
Mottingham Sports Ground,541893.685,172445.445,MOTTINGHAM & CHISLEHURST NORTH ,MOTTSG
Foxes Fields,541893.685,172445.445,MOTTINGHAM & CHISLEHURST NORTH ,MOTTSG
Newbury Playground,540203.155,168698.041,SHORTLANDS,NEWBPG
Norman Park,541016.76,167405,HAYES & CONEY HALL,NORPRK
Oaklands School Recreation Ground,541259.72285,159305.78365,BIGGIN HILL,OAKSCHPG
Oaklands School Playground,541259.72285,159305.78365,BIGGIN HILL,OAKSCHPG
Oaklands School Play Area,541259.72285,159305.78365,BIGGIN HILL,OAKSCHPG
Oakley Road Open Space,542108.665,165593.425,BROMLEY COMMON & KESTON,OAKLRG
Oakley Road Recreation Ground,542108.665,165593.425,BROMLEY COMMON & KESTON,OAKLRG
Oakley Road Rec,542108.665,165593.425,BROMLEY COMMON & KESTON,OAKLRG
Okemore Gardens Open Space,547576.808,168003.832,CRAY VALLEY EAST,OKGDOS
Okemore Gardens,547576.808,168003.832,CRAY VALLEY EAST,OKGDOS
Oakmore Gardens,547576.808,168003.832,CRAY VALLEY EAST,OKGDOS
Old Hill Playground,545388.0307,163270.8364,DARWIN,OLDHIR
Old Hill Rec,545388.0307,163270.8364,DARWIN,OLDHIR
Oregon Square Open Space,545039.0249999999,165956.695,FARNBOROUGH & CROFTON,ORSQGN
Oregon Square Green,545039.0249999999,165956.695,FARNBOROUGH & CROFTON,ORSQGN
Ormonde Avenue Green,544104.655,165886.945,FARNBOROUGH & CROFTON,ORMOAV
Padmall Wood,541659.6950000001,164894.875,BROMLEY COMMON & KESTON,PADMWD
Palace Square Open Space,533825.45,170361.94,CRYSTAL PALACE ,PALSQU
Palace Square Recreation Ground,533825.45,170361.94,CRYSTAL PALACE ,PALSQU
Palace Square Rec,533825.45,170361.94,CRYSTAL PALACE ,PALSQU
Parkfield Recreation Ground,542955.7451,167071.5718,BROMLEY COMMON & KESTON,PARKRG
Parkfield Rec,542955.7451,167071.5718,BROMLEY COMMON & KESTON,PARKRG
Penge Recreation Ground,535212.365,170278.21000000002,PENGE & CATOR,PENGRG
Penge Rec,535212.365,170278.21000000002,PENGE & CATOR,PENGRG
Petts Wood Recreation Ground,544294.56,166850.295,PETTS WOOD & KNOLL,PETREC
Petts Wood Rec,544294.56,166850.295,PETTS WOOD & KNOLL,PETREC
Pickhurst Green,539623.8049999999,166871.15,HAYES & CONEY HALL,PICKFP
Pickhurst Recreation Ground,539689.53,167238.57,HAYES & CONEY HALL,PICKRG
Cupola Wood,539689.53,167238.57,HAYES & CONEY HALL,PICKRG
Pickhurst Rec,539689.53,167238.57,HAYES & CONEY HALL,PICKRG
Plaistow Green,540413.826,170323.34,PLAISTOW & SUNDRIDGE,PLAIGR
Poverest Park,546043.285,167161.47,CRAY VALLEY EAST,POVPRK
Poverest Recreation Ground,546043.285,167161.47,CRAY VALLEY EAST,POVPRK
Poverest Rec,546043.285,167161.47,CRAY VALLEY EAST,POVPRK
Poverest Park and Covet Wood,546043.285,167161.47,CRAY VALLEY EAST,POVPRK
Pratts Bottom Common,547189.94,162175.08500000002,CHELSFIELD & PRATTS BOTTOM,PRATCM
Pratts Bottom Green,547189.94,162175.08500000002,CHELSFIELD & PRATTS BOTTOM,PRATCM
The Green,547189.94,162175.08500000002,CHELSFIELD & PRATTS BOTTOM,PRATCM
Pratts Bottom Recreation Ground,547346.84,162649.45500000002,CHELSFIELD & PRATTS BOTTOM,BROKPG
Broke Farm Drive Playground,547346.84,162649.45500000002,CHELSFIELD & PRATTS BOTTOM,BROKPG
Pratts Bottom Rec,547346.84,162649.45500000002,CHELSFIELD & PRATTS BOTTOM,BROKPG
Priory Gardens,546647.6499999999,166687.91999999998,ORPINGTON,PRIOGD
Queens Gardens,540448.88,169203.726,BROMLEY TOWN,QUEEGN
Queens Gardens South,540448.88,169203.726,BROMLEY TOWN,QUEEGN
Queens Mead Recreation Ground,539698.73,169144.715,BROMLEY TOWN,QUMERG
Oueensmead,539698.73,169144.715,BROMLEY TOWN,QUMERG
Oueensmead Rec,539698.73,169144.715,BROMLEY TOWN,QUMERG
Oueens Mead Rec,539698.73,169144.715,BROMLEY TOWN,QUMERG
Ravensbourne Open Space,541728.21,164518.81,BROMLEY COMMON & KESTON,RAVEOS
Ravensworth Road Open Space,542633.156,171804.328,MOTTINGHAM & CHISLEHURST NORTH ,RAVEOS
Framlington Crescent Open Space,542633.156,171804.328,MOTTINGHAM & CHISLEHURST NORTH ,RAVEOS
Richmal Crompton Fields,542787.9450000001,166533.395,BROMLEY COMMON & KESTON,RICHCOMFD
Richmal Crompton,542787.9450000001,166533.395,BROMLEY COMMON & KESTON,RICHCOMFD
Riverpool Walkway Open Space,536439.035,170658.605,PENGE & CATOR,RIPOWK
River Pool Walk,536439.035,170658.605,PENGE & CATOR,RIPOWK
Riverside Close Open Space,547400.057,169269.477,CRAY VALLEY EAST,RIVECL
Riverside Gardens,546995.485,167618.39,CRAY VALLEY EAST,RIVEGD04
Orpington Boating Pond ,546995.485,167618.39,CRAY VALLEY EAST,RIVEGD04
Robin Hood Green Open Space,546237.255,167568.897,CRAY VALLEY WEST,ROHGOS
Royston Field,535580.495,169855.515,PENGE & CATOR,ROYSFI
Rushfield Shaw,539755.745,163187.13,HAYES & CONEY HALL,RUSHSH
Sandway Playground,547524.519,168200.77,CRAY VALLEY EAST,SANDWAY
Sandway Park ,547524.519,168200.77,CRAY VALLEY EAST,SANDWAY
Scadbury Park,545741.90795,170013.23,CHISLEHURST,SCADPK
Shaftesbury Park,539839.7,171033.47499999998,PLAISTOW & SUNDRIDGE,SHAFPK
Shell Close Open Space,542522.72,167204.885,BROMLEY COMMON & KESTON,SHCLOS
South Hill Wood,539438.5,167982.23,SHORTLANDS,SOHWPK
South Hill Wood Park,539438.5,167982.23,SHORTLANDS,SOHWPK
Southborough Recreation Ground,543556.4550000001,167444.245,BROMLEY COMMON & KESTON,SOUTRG
Southborough Open Space,543556.4550000001,167444.245,BROMLEY COMMON & KESTON,SOUTRG
Southborough Rec,543556.4550000001,167444.245,BROMLEY COMMON & KESTON,SOUTRG
Sparrow Wood,543604.2672,166740.58630000002,PETTS WOOD & KNOLL,SPARWD
Sparrow Wood and Crofton Heath,543604.2672,166740.58630000002,PETTS WOOD & KNOLL,SPARWD
Sparrows Den,538604.01,165059.69,WEST WICKHAM,SPADEN
Sparrows Den Sports Ground,538604.01,165059.69,WEST WICKHAM,SPADEN
St Leonards Rise,545208.975,164563.33000000002,CHELSFIELD & PRATTS BOTTOM,STLEGN
St Leonards Rise Green,545208.975,164563.33000000002,CHELSFIELD & PRATTS BOTTOM,STLEGN
St Mary Cray Recreation Ground,547432.41,167519.213,CRAY VALLEY EAST,SMCREC
St Mary Cray Rec,547432.41,167519.213,CRAY VALLEY EAST,SMCREC
St Pauls Cray Hill Country Park,548180.934,168725.147,CRAY VALLEY EAST,STPCPK
Paul's Cray Hill Park,548180.934,168725.147,CRAY VALLEY EAST,STPCPK
Highlands Wood,548180.934,168725.147,CRAY VALLEY EAST,STPCPK
St Pauls Cray Recreation Ground,547210.04,169276.013,CRAY VALLEY WEST,STPARG
St Pauls Cray Rec,547210.04,169276.013,CRAY VALLEY WEST,STPARG
St Thomas Open Space,544204.815,166096.62,FARNBOROUGH & CROFTON,STTHOS
Gumping Common,544204.815,166096.62,FARNBOROUGH & CROFTON,STTHOS
Crofton Heath and Roundabout Wood ,544204.815,166096.62,FARNBOROUGH & CROFTON,STTHOS
Stanhope Recreation Ground,536694.0449999999,168144.715,KELSEY & EDEN PARK,STANRG
Stanhope Grove Playing Fields,536694.0449999999,168144.715,KELSEY & EDEN PARK,STANRG
Stanhope Rec,536694.0449999999,168144.715,KELSEY & EDEN PARK,STANRG
The Knoll,540280.701,166083.217,HAYES & CONEY HALL,KNOLRG
The Knoll Recreation Ground,540280.701,166083.217,HAYES & CONEY HALL,KNOLRG
The Knoll Rec,540280.701,166083.217,HAYES & CONEY HALL,KNOLRG
Tillingbourne Green,546193.575,168042.175,CRAY VALLEY WEST,TILLGN
Tubbenden Lane Open Space,544742.335,164718.615,FARNBOROUGH & CROFTON,TUBBPG
Tubbenden Park,544742.335,164718.615,FARNBOROUGH & CROFTON,TUBBPG
Tubbenden Recreation Ground,544742.335,164718.615,FARNBOROUGH & CROFTON,TUBBPG
Tubbenden Rec,544742.335,164718.615,FARNBOROUGH & CROFTON,TUBBPG
Tubbenden Lane Playground,544742.335,164718.615,FARNBOROUGH & CROFTON,TUBBPG
Turpington Lane Playground,542097.6599999999,167106.48,BROMLEY COMMON & KESTON,TURPPG
Turpington Lane Play Area,542097.6599999999,167106.48,BROMLEY COMMON & KESTON,TURPPG
Walden Recreation Ground,543235.28,171050.47499999998,CHISLEHURST,WALDRG
Walden Road Rec,543235.28,171050.47499999998,CHISLEHURST,WALDRG
Walsingham Linear Park,546388.11635,169600.73155000003,CRAY VALLEY WEST,WALGLP01
Walsingham Linear Open Space,546388.11635,169600.73155000003,CRAY VALLEY WEST,WALGLP01
Walsingham Open Space,546388.11635,169600.73155000003,CRAY VALLEY WEST,WALGLP01
Watermeadows Open Space,547277.72,169235.39500000002,CRAY VALLEY EAST,WATERM
Watermeadows,547277.72,169235.39500000002,CRAY VALLEY EAST,WATERM
Watermen's Square,535436.15,170393.215,PENGE & CATOR,WATSQU
Waterman's Square,535436.15,170393.215,PENGE & CATOR,WATSQU
Wayside Green Open Space,542756.97,171623.975,MOTTINGHAM & CHISLEHURST NORTH ,WAYSGN
Wayside Green,542756.97,171623.975,MOTTINGHAM & CHISLEHURST NORTH ,WAYSGN
Well Wood,539882.625,164329.64,HAYES & CONEY HALL,WELLWD
Wharton Road Playground,540727.615,169686.11,PLAISTOW & SUNDRIDGE,WHRDPG
Whitehall Recreation Ground,541938.285,168119.79499999998,BROMLEY COMMON & KESTON,WHITRG
Whitehall Rec,541938.285,168119.79499999998,BROMLEY COMMON & KESTON,WHITRG
Wichling Close Playground,547840.75,166108.09999999998,ORPINGTON,WICHPG
Ramsden Play Area,547840.75,166108.09999999998,ORPINGTON,WICHPG
Widmore Recreation Ground,541581.38,169251.53,BICKLEY,WIDMRG
Pembroke Park,541581.38,169251.53,BICKLEY,WIDMRG
Widmore Rec,541581.38,169251.53,BICKLEY,WIDMRG
Willett Recreation Ground,544657.0800000001,168029.61,PETTS WOOD & KNOLL,WILREC
Willett Rec,544657.0800000001,168029.61,PETTS WOOD & KNOLL,WILREC
William Booth Open Space,534331.5700000001,169811.415,CRYSTAL PALACE ,WILBOS
Rock Hills Play Area,534331.5700000001,169811.415,CRYSTAL PALACE ,WILBOS
Winsford Gardens,535273.755,169607.175,PENGE & CATOR,WINSGD
